{
  "inference": "bayesian_vi",
  "hyper_T": {
    "sigma_a": 1.0,
    "sigma_b": 1.0,
    "RW2": {
      "tau_a": 1.0,
      "tau_b": 10000.0
    },
    "RW1": {
      "tau_a": 1.0,
      "tau_b": 1.0
    },
    "tau": 0.0001
  },
  "hyper_D": {
    "sigma_a": 1.0,
    "sigma_b": 1.0,
    "RW2": {
      "tau_a": 1.0,
      "tau_b": 1.0504520546893186
    },
    "RW1": {
      "tau_a": 1.0,
      "tau_b": 0.18778389399954945
    },
    "tau_1": 5.325270251525874,
    "tau_2": 0.9519710489227494
  },
  "cv": 1,
  "tau_vi_sigma_init": 0.05,
  "tau_kl_beta": 0.2
}