{
  "inference": "bayesian_vi",
  "hyper_T": {
    "sigma_a": 1.0,
    "sigma_b": 1.0,
    "RW2": {
      "tau_a": 1.0,
      "tau_b": 10000.0
    },
    "RW1": {
      "tau_a": 1.0,
      "tau_b": 1.0
    },
    "tau": 0.0001
  },
  "hyper_D": {
    "sigma_a": 1.0,
    "sigma_b": 1.0,
    "RW2": {
      "tau_a": 1.0,
      "tau_b": 0.03715195496838069
    },
    "RW1": {
      "tau_a": 1.0,
      "tau_b": 0.22429895310464254
    },
    "tau_1": 4.458335547812555,
    "tau_2": 26.91648388803981
  },
  "cv": 1,
  "tau_vi_sigma_init": 0.05,
  "tau_kl_beta": 0.2
}