{
  "inference": "bayesian_vi",
  "hyper_T": {
    "sigma_a": 1.0,
    "sigma_b": 1.0,
    "RW2": {
      "tau_a": 1.0,
      "tau_b": 10000.0
    },
    "RW1": {
      "tau_a": 1.0,
      "tau_b": 1.0
    },
    "tau": 0.0001
  },
  "hyper_D": {
    "sigma_a": 1.0,
    "sigma_b": 1.0,
    "RW2": {
      "tau_a": 1.0,
      "tau_b": 0.462091649180663
    },
    "RW1": {
      "tau_a": 1.0,
      "tau_b": 0.310998241121999
    },
    "tau_1": 3.2154523716410988,
    "tau_2": 2.1640728417772515
  },
  "cv": 1,
  "tau_vi_sigma_init": 0.05,
  "tau_kl_beta": 0.2
}