{
  "inference": "bayesian_vi",
  "hyper_T": {
    "sigma_a": 1.0,
    "sigma_b": 1.0,
    "RW2": {
      "tau_a": 1.0,
      "tau_b": 10000.0
    },
    "RW1": {
      "tau_a": 1.0,
      "tau_b": 1.0
    },
    "tau": 0.0001
  },
  "hyper_D": {
    "sigma_a": 1.0,
    "sigma_b": 1.0,
    "RW2": {
      "tau_a": 1.0,
      "tau_b": 0.4570503884598234
    },
    "RW1": {
      "tau_a": 1.0,
      "tau_b": 0.33851485027302564
    },
    "tau_1": 2.954080027298961,
    "tau_2": 2.187942592318004
  },
  "cv": 1,
  "tau_vi_sigma_init": 0.05,
  "tau_kl_beta": 0.2
}