experiment,n_runs_elbo,elbo_last_mean,elbo_last_sd,elbo_tail_std_mean,elbo_tail_std_sd,elbo_delta_tail_mean_mean,elbo_delta_tail_mean_sd,frac_converged
C-Vine_5D_ind_tree2_1000obs_bgtm,10,7.444237030029297,0.19492314671332,3.451308802081278,0.0245665997493916,,,0.0
C-Vine_7D_ind_tree2_1000obs_bgtm,10,33.53078446044922,0.2669489359045404,6.466465667665345,0.0854722675915526,,,0.0
C-Vine_10D_ind_tree3_1000obs_bgtm,10,90.00970681152344,0.3875309580209825,10.241611964336926,0.1860797676863901,,,0.0
R-Vine_5D_ind_tree2_1000obs_bgtm,10,7.373647705078125,0.0850728195193212,3.4596937766677485,0.0238276536226778,,,0.0
R-Vine_7D_ind_tree2_1000obs_bgtm,10,33.50091809082031,0.2458433909553309,6.451461009198904,0.1083964871445208,,,0.0
R-Vine_10D_ind_tree3_1000obs_bgtm,10,90.12299311523438,0.5793707731292637,10.348073696831632,0.2183743534587326,,,0.0
D-Vine_5D_ind_tree2_1000obs_bgtm,10,7.373919281005859,0.0842732361588057,3.461002273513435,0.0185640575543886,,,0.0
D-Vine_7D_ind_tree2_1000obs_bgtm,10,33.47608221435547,0.1160191232375103,6.478556136135194,0.083774791769641,,,0.0
D-Vine_10D_ind_tree3_1000obs_bgtm,10,90.0918819580078,0.5602141121572237,10.374854538456145,0.3424496664915198,,,0.0
