{
  "inference": "bayesian_vi",
  "hyper_T": {
    "sigma_a": 1.0,
    "sigma_b": 1.0,
    "RW2": {
      "tau_a": 1.0,
      "tau_b": 10000.0
    },
    "RW1": {
      "tau_a": 1.0,
      "tau_b": 1.0
    },
    "tau": 0.0001
  },
  "hyper_D": {
    "sigma_a": 1.0,
    "sigma_b": 1.0,
    "RW2": {
      "tau_a": 1.0,
      "tau_b": 0.6899287860431678
    },
    "RW1": {
      "tau_a": 1.0,
      "tau_b": 0.45997426778634104
    },
    "tau_1": 2.1740346989716004,
    "tau_2": 1.4494249890540751
  },
  "cv": 1,
  "tau_vi_sigma_init": 0.05,
  "tau_kl_beta": 0.2
}